Rank,Model,R2,RMSE,MAE
1,Support Vector Regressor (SVR),0.6325620538645431,0.29491692603360176,0.2190787792096061
2,Gradient Boosting Regressor,0.617295838362032,0.300981143990636,0.2210526667566968
3,Random Forest Regressor,0.6132177452093172,0.3025805211368521,0.22565322151578
4,Polynomial Regression (deg=2),0.596574923386979,0.3090218165760087,0.23101919610129892
5,K-Nearest Neighbors Regressor,0.5748914641529828,0.31721784378721835,0.23076364692218337
6,ElasticNet Regression,0.542776642838086,0.32898182097877654,0.2500674535252495
7,Ridge Regression,0.5424984616463648,0.32908188436991875,0.2502280297076031
8,Lasso Regression,0.5420042456643518,0.32925958172657366,0.25052673501373773
9,Linear Regression,0.5395462289516864,0.330141950787003,0.2515666758653626
10,Decision Tree Regressor,0.5265769793858969,0.3347590927192867,0.23986212405172216
